URL,Counts,Risk,Goal,Method
https://deepmind.google/about/,Synthesized,Not mentioned,"The organization's primary goals revolve around creating breakthrough technologies and accelerating scientific discovery, particularly in AI, to benefit humanity. They aim to build the next generation of AI systems to advance science, transform work, and improve billions of people's lives, ultimately addressing major global challenges.

Beyond technological innovation, the organization seeks to organize the world's information, making it universally accessible and useful. They also contribute to scientific understanding by helping researchers comprehend complex biological interactions.

Crucially, a core objective is to build AI responsibly and safely. This includes fostering a deeper understanding of complex language model behavior within the AI safety community and ensuring that all AI development is conducted ethically to serve humanity.","DeepMind achieves its goals by harnessing unparalleled computing infrastructure and pioneering advanced machine learning techniques, including deep reinforcement learning and sequence-to-sequence learning. These complex systems are fundamental to applications such as ranking search results, organizing online ads, and machine translation.

The organization drives research breakthroughs and develops transformative products across diverse fields. This involves creating text-to-image generation models like Imagen, integrating large language models into robotics systems (e.g., PaLM-SayCan, RT-2), and applying machine learning to creative processes (Magenta). DeepMind also generates unified data representations (AlphaEarth Foundations), advances regulatory variant-effect prediction (AlphaGenome), and develops general purpose world models (Genie 3). They extensively use complex games and infinite, interactive worlds to test systems and explore intelligence, including teaching AI to perceive in four dimensions.

DeepMind employs an interdisciplinary approach, fostering new ideas and organizing scientific endeavors innovatively. A holistic commitment to responsibility and safety guides their work, including supporting the AI safety community in understanding complex language model behavior and collaborating on projects like the U.S. Department of Energy's Genesis."
